variant	variant_status	domain	trait_label	source	evidence_type	beta	se	pvalue	direction	signed_neg_log10_p	notes
rs10407429	Retained in strict GIPR window	Glycaemic	HbA1c instrument effect	docs/source_data/Source_Data_5_GIPR_instruments_wide1mb.tsv	instrument	-0.0254364	0.00203485	7.43019e-36	negative	-35.129	HbA1c cis instrument association used for the GIPR broad-window proxy
rs10407429	Retained in strict GIPR window	Glycaemic	Type 2 diabetes	docs/source_data/Source_Data_9_phewas_hits_rs17561351_rs10407429_p1e8.tsv:ebi-a-GCST010118	phewas_p1e8	-0.0894	0.0079	1.08793e-29	negative	-28.9634	Type 2 diabetes
rs10407429	Retained in strict GIPR window	Glycaemic	Glucose	docs/source_data/Source_Data_9_phewas_hits_rs17561351_rs10407429_p1e8.tsv:ebi-a-GCST90014005	phewas_p1e8	-0.0134002	0.00231399	6.99826e-09	negative	-8.15501	Glucose levels (UKB data field 30740)
rs10407429	Retained in strict GIPR window	Lipid/lipoprotein	LDL cholesterol	docs/source_data/Source_Data_9_phewas_hits_rs17561351_rs10407429_p1e8.tsv	phewas_p1e8_absent				NA		No cached p<1e-8 PheWAS hit matching 'Low density lipoprotein cholesterol levels'
rs10407429	Retained in strict GIPR window	Lipid/lipoprotein	HDL cholesterol	docs/source_data/Source_Data_9_phewas_hits_rs17561351_rs10407429_p1e8.tsv:ebi-a-GCST90014007	phewas_p1e8	0.0125096	0.0019782	2.55294e-10	positive	9.59296	High density lipoprotein cholesterol levels (UKB data field 30760)
rs10407429	Retained in strict GIPR window	Lipid/lipoprotein	Apolipoprotein B	docs/source_data/Source_Data_9_phewas_hits_rs17561351_rs10407429_p1e8.tsv	phewas_p1e8_absent				NA		No cached p<1e-8 PheWAS hit matching 'apolipoprotein B'
rs10407429	Retained in strict GIPR window	Lipid/lipoprotein	Triglycerides	docs/source_data/Source_Data_9_phewas_hits_rs17561351_rs10407429_p1e8.tsv	phewas_p1e8_absent				NA		No cached p<1e-8 PheWAS hit matching 'triglycerides'
rs10407429	Retained in strict GIPR window	Hematologic	Mean platelet volume	docs/source_data/Source_Data_9_phewas_hits_rs17561351_rs10407429_p1e8.tsv:ebi-a-GCST90028996	phewas_p1e8	-0.0152555	0.00178148	2.99985e-18	negative	-17.5229	Mean platelet volume
rs10407429	Retained in strict GIPR window	Anthropometric	BMI / adiposity	docs/source_data/Source_Data_9_phewas_hits_rs17561351_rs10407429_p1e8.tsv	not_observed_in_cached_p1e8_phewas				NA		No cached p<1e-8 hit for these exact HbA1c GIPR variants in Source Data 9
rs10407429	Retained in strict GIPR window	Biliary	Cholelithiasis	results/causal/drug_target_mr_runs/hba1c_wide1mb/diagnostics/wald_GIPR_cholelithiasis_primary.tsv	wald_ratio	0.884701	0.283588	0.00181055	positive	2.74219	Wald OR 2.42 (1.39-4.22)
rs10407429	Retained in strict GIPR window	Biliary	Cholecystectomy FinnGen	results/causal/drug_target_mr_runs/hba1c_wide1mb/diagnostics/wald_GIPR_cholecystectomy_secondary.tsv	wald_ratio	0.245537	0.310531	0.429118	positive	0.367423	Wald OR 1.28 (0.696-2.35)
rs10407429	Retained in strict GIPR window	Biliary	Cholecystectomy UKB	results/causal/drug_target_mr_runs/hba1c_wide1mb/diagnostics/wald_GIPR_cholecystectomy_ukb.tsv	wald_ratio	0.0600773	0.0167404	0.000332264	positive	3.47852	Wald OR 1.06 (1.03-1.1)
rs10407429	Retained in strict GIPR window	Biliary	Cholecystitis	results/causal/drug_target_mr_runs/hba1c_wide1mb/diagnostics/wald_GIPR_cholecystitis_finngen.tsv	wald_ratio	2.65761	1.28751	0.0390036	positive	1.4089	Wald OR 14.3 (1.14-178)
rs10407429	Retained in strict GIPR window	Pancreatic	Acute pancreatitis	results/causal/drug_target_mr_runs/hba1c_wide1mb/diagnostics/wald_GIPR_acute_pancreatitis_finngen.tsv	wald_ratio	0.750892	1.05139	0.475111	positive	0.323205	Wald OR 2.12 (0.27-16.6)
rs17561351	Excluded by strict GIPR window	Glycaemic	HbA1c instrument effect	docs/source_data/Source_Data_5_GIPR_instruments_wide1mb.tsv	instrument	0.0321246	0.00414271	8.86952e-15	positive	14.0521	HbA1c cis instrument association used for the GIPR broad-window proxy
rs17561351	Excluded by strict GIPR window	Glycaemic	Type 2 diabetes	docs/source_data/Source_Data_9_phewas_hits_rs17561351_rs10407429_p1e8.tsv	phewas_p1e8_absent				NA		No cached p<1e-8 PheWAS hit matching 'Type 2 diabetes'
rs17561351	Excluded by strict GIPR window	Glycaemic	Glucose	docs/source_data/Source_Data_9_phewas_hits_rs17561351_rs10407429_p1e8.tsv	phewas_p1e8_absent				NA		No cached p<1e-8 PheWAS hit matching 'Glucose levels (UKB data field 30740)'
rs17561351	Excluded by strict GIPR window	Lipid/lipoprotein	LDL cholesterol	docs/source_data/Source_Data_9_phewas_hits_rs17561351_rs10407429_p1e8.tsv:ebi-a-GCST90002412	phewas_p1e8	0.0419146	0.00379961	2.70023e-28	positive	27.5686	Low density lipoprotein cholesterol levels
rs17561351	Excluded by strict GIPR window	Lipid/lipoprotein	HDL cholesterol	docs/source_data/Source_Data_9_phewas_hits_rs17561351_rs10407429_p1e8.tsv	phewas_p1e8_absent				NA		No cached p<1e-8 PheWAS hit matching 'High density lipoprotein cholesterol levels (UKB data field 30760)'
rs17561351	Excluded by strict GIPR window	Lipid/lipoprotein	Apolipoprotein B	docs/source_data/Source_Data_9_phewas_hits_rs17561351_rs10407429_p1e8.tsv:ieu-b-108	phewas_p1e8	0.0440635	0.0042059	1.10002e-25	positive	24.9586	apolipoprotein B
rs17561351	Excluded by strict GIPR window	Lipid/lipoprotein	Triglycerides	docs/source_data/Source_Data_9_phewas_hits_rs17561351_rs10407429_p1e8.tsv:ieu-b-111	phewas_p1e8	-0.0363975	0.00407138	3.90032e-19	negative	-18.4089	triglycerides
rs17561351	Excluded by strict GIPR window	Hematologic	Mean platelet volume	docs/source_data/Source_Data_9_phewas_hits_rs17561351_rs10407429_p1e8.tsv:ebi-a-GCST90028996	phewas_p1e8	0.0446085	0.00361451	1.39991e-37	positive	36.8539	Mean platelet volume
rs17561351	Excluded by strict GIPR window	Anthropometric	BMI / adiposity	docs/source_data/Source_Data_9_phewas_hits_rs17561351_rs10407429_p1e8.tsv	not_observed_in_cached_p1e8_phewas				NA		No cached p<1e-8 hit for these exact HbA1c GIPR variants in Source Data 9
rs17561351	Excluded by strict GIPR window	Biliary	Cholelithiasis	results/causal/drug_target_mr_runs/hba1c_wide1mb/diagnostics/wald_GIPR_cholelithiasis_primary.tsv	wald_ratio	-0.415716	0.47445	0.380918	negative	-0.419168	Wald OR 0.66 (0.26-1.67)
rs17561351	Excluded by strict GIPR window	Biliary	Cholecystectomy FinnGen	results/causal/drug_target_mr_runs/hba1c_wide1mb/diagnostics/wald_GIPR_cholecystectomy_secondary.tsv	wald_ratio	-0.824627	0.543227	0.129011	negative	-0.889375	Wald OR 0.438 (0.151-1.27)
rs17561351	Excluded by strict GIPR window	Biliary	Cholecystectomy UKB	results/causal/drug_target_mr_runs/hba1c_wide1mb/diagnostics/wald_GIPR_cholecystectomy_ukb.tsv	wald_ratio	-0.0433188	0.0263394	0.100044	negative	-0.999807	Wald OR 0.958 (0.909-1.01)
rs17561351	Excluded by strict GIPR window	Biliary	Cholecystitis	results/causal/drug_target_mr_runs/hba1c_wide1mb/diagnostics/wald_GIPR_cholecystitis_finngen.tsv	wald_ratio	-0.737752	2.1842	0.735538	negative	-0.133395	Wald OR 0.478 (0.00661-34.6)
rs17561351	Excluded by strict GIPR window	Pancreatic	Acute pancreatitis	results/causal/drug_target_mr_runs/hba1c_wide1mb/diagnostics/wald_GIPR_acute_pancreatitis_finngen.tsv	wald_ratio	1.11441	1.81739	0.539748	positive	0.267809	Wald OR 3.05 (0.0865-107)
