control_type	trait_group	predeclared_trait	rationale	id	reported_trait	rsid	beta	se	pvalue	ea	nea	eaf	direction	interpretation
positive	Glycaemic	HbA1c	Positive control for the HbA1c cis proxy	ebi-a-GCST90014006	Glycated haemoglobin HbA1c levels (UKB data field 30750)	rs17561351	0.0321246	0.00414271	8.86952e-15	G	A	NA	positive	supports expected glycaemic proxy signal
positive	Glycaemic	HbA1c	Positive control for the HbA1c cis proxy	ebi-a-GCST90014006	Glycated haemoglobin HbA1c levels (UKB data field 30750)	rs10407429	-0.0254364	0.00203485	7.43019e-36	A	G	NA	negative	supports expected glycaemic proxy signal
positive	Glycaemic	Type 2 diabetes	Positive glycaemic/metabolic control	ebi-a-GCST010118	Type 2 diabetes	rs10407429	-0.0894	0.0079	1.08793e-29	A	G	0.2735	negative	supports expected glycaemic proxy signal
positive	Glycaemic	Glucose	Positive glycaemic control	ebi-a-GCST90014005	Glucose levels (UKB data field 30740)	rs17561351	0.00845841	0.00471321	0.0727143	G	A	NA	positive	mixed or unexpected; do not overinterpret specificity
positive	Glycaemic	Glucose	Positive glycaemic control	ebi-a-GCST90014005	Glucose levels (UKB data field 30740)	rs10407429	-0.0134002	0.00231399	6.99826e-09	A	G	NA	negative	supports expected glycaemic proxy signal
negative	Non-biliary digestive	Acute appendicitis	Biologically distant non-biliary digestive endpoint with adequate FinnGen support	finn-b-K11_APPENDACUT	Acute appendicitis	rs17561351	0.0285	0.0267	0.2855	G	A	0.05591	positive	no nominal association in predeclared negative control
negative	Non-biliary digestive	Acute appendicitis	Biologically distant non-biliary digestive endpoint with adequate FinnGen support	finn-b-K11_APPENDACUT	Acute appendicitis	rs10407429	-0.0045	0.0123	0.7117	A	G	0.4386	negative	no nominal association in predeclared negative control
negative	Ophthalmologic	Senile cataract	Biologically distant non-biliary endpoint with adequate FinnGen support	finn-b-H7_CATARACTSENILE	Senile cataract	rs17561351	0.0092	0.0253	0.715201	G	A	0.05587	positive	no nominal association in predeclared negative control
negative	Ophthalmologic	Senile cataract	Biologically distant non-biliary endpoint with adequate FinnGen support	finn-b-H7_CATARACTSENILE	Senile cataract	rs10407429	0.0066	0.0117	0.5742	A	G	0.4387	positive	no nominal association in predeclared negative control
negative	Respiratory	Asthma	Biologically distant respiratory endpoint with adequate FinnGen support	finn-b-J10_ASTHMA_EXMORE	Asthma (more controls excluded)	rs17561351	-0.0138	0.0255	0.5883	G	A	0.05588	negative	no nominal association in predeclared negative control
negative	Respiratory	Asthma	Biologically distant respiratory endpoint with adequate FinnGen support	finn-b-J10_ASTHMA_EXMORE	Asthma (more controls excluded)	rs10407429	0.0125	0.0118	0.2864	A	G	0.4396	positive	no nominal association in predeclared negative control
